{"cameraMode":{"drawMode":0,"name":"Shaded","section":"Shading Mode"},"sceneLighting":true,"audioPlay":false,"sceneViewState":{"showFog":true,"showMaterialUpdate":false,"showSkybox":true,"showFlares":true,"showImageEffects":true,"showParticleSystems":true,"showVisualEffectGraphs":true,"m_FxEnabled":true},"in2DMode":false,"pivot":{"x":-7.936007499694824,"y":0.23214483261108399,"z":-7.803216934204102},"rotation":{"x":0.10192947089672089,"y":0.02049708180129528,"z":-0.002059910912066698,"w":0.9945793151855469},"size":6.474416732788086,"orthographic":false}